<?xml version="1.0" encoding="utf-8"?>
<edmx:Edmx Version="3.0" xmlns:edmx="http://schemas.microsoft.com/ado/2009/11/edmx">
 <!-- EF Designer content (DO NOT EDIT MANUALLY BELOW HERE) -->
  <edmx:Designer xmlns="http://schemas.microsoft.com/ado/2009/11/edmx">
    <!-- Diagram content (shape and connector positions) -->
    <edmx:Diagrams>
      <Diagram DiagramId="c78bb9f9d072486dac7a425de5a9ec2a" Name="Diagram1">
        <EntityTypeShape EntityType="EmailDataModel.EmailDB" Width="1.5" PointX="3.125" PointY="0.625" />
        <EntityTypeShape EntityType="EmailDataModel.FileAttachment" Width="1.5" PointX="5.25" PointY="1" />
        <EntityTypeShape EntityType="EmailDataModel.LoginDB" Width="1.5" PointX="0.75" PointY="1.25" />
        <AssociationConnector Association="EmailDataModel.FK__EmailDB__Gmail_F__02FC7413" />
        <AssociationConnector Association="EmailDataModel.FK__FileAttac__Send___03F0984C" />
        <AssociationConnector Association="EmailDataModel.FK__FileAttac__Gmail__787EE5A0" />
        <EntityTypeShape EntityType="EmailDataModel.DriveDB" Width="1.5" PointX="7.625" PointY="1.375" />
        <AssociationConnector Association="EmailDataModel.FK__DriveDB__Gmail_F__160F4887" />
        </Diagram>
    </edmx:Diagrams>
  </edmx:Designer>
</edmx:Edmx>