<?xml version="1.0" encoding="utf-8"?>
<edmx:Edmx Version="3.0" xmlns:edmx="http://schemas.microsoft.com/ado/2009/11/edmx">
 <!-- EF Designer content (DO NOT EDIT MANUALLY BELOW HERE) -->
  <edmx:Designer xmlns="http://schemas.microsoft.com/ado/2009/11/edmx">
    <!-- Diagram content (shape and connector positions) -->
    <edmx:Diagrams>
      <Diagram DiagramId="00daacdffb9a40979c6d257b560b4879" Name="Diagram1">
        <EntityTypeShape EntityType="LoginDBModel.FoodcatDB" Width="1.5" PointX="0.75" PointY="1.5" IsExpanded="true" />
        <EntityTypeShape EntityType="LoginDBModel.RoleDB" Width="1.5" PointX="0.75" PointY="5.375" IsExpanded="true" />
        <EntityTypeShape EntityType="LoginDBModel.OrderDB" Width="1.5" PointX="5.25" PointY="1" />
        <AssociationConnector Association="LoginDBModel.FK_OrderDB_FoodcatDB" />
        <EntityTypeShape EntityType="LoginDBModel.MenuDB" Width="1.5" PointX="3" PointY="1.125" />
        <AssociationConnector Association="LoginDBModel.FK_MenuDB_FoodcatDB" />
        <AssociationConnector Association="LoginDBModel.FK_OrderDB_MenuDB" />
        <EntityTypeShape EntityType="LoginDBModel.UserDB" Width="1.5" PointX="3" PointY="4.875" />
        <AssociationConnector Association="LoginDBModel.FK_UserDB_RoleDB" />
        </Diagram>
    </edmx:Diagrams>
  </edmx:Designer>
</edmx:Edmx>