<?xml version="1.0" encoding="utf-8"?>
<edmx:Edmx Version="3.0" xmlns:edmx="http://schemas.microsoft.com/ado/2009/11/edmx">
 <!-- EF Designer content (DO NOT EDIT MANUALLY BELOW HERE) -->
  <edmx:Designer xmlns="http://schemas.microsoft.com/ado/2009/11/edmx">
    <!-- Diagram content (shape and connector positions) -->
    <edmx:Diagrams>
      <Diagram DiagramId="bc0953d5b6944909a01046bfa2fd3578" Name="Diagram1">
        <EntityTypeShape EntityType="Model.CustomerDB" Width="1.5" PointX="0.875" PointY="0.5" />
        <EntityTypeShape EntityType="Model.UserDB" Width="1.5" PointX="8.875" PointY="0.625" />
        <EntityTypeShape EntityType="Model.EmployeeDB" Width="1.5" PointX="7" PointY="0.5" />
        <EntityTypeShape EntityType="Model.CustomerDetail" Width="1.5" PointX="0.875" PointY="3" />
        <EntityTypeShape EntityType="Model.AccountDB" Width="1.5" PointX="2.875" PointY="0.5" />
        <EntityTypeShape EntityType="Model.TransactionDB" Width="1.5" PointX="4.875" PointY="0.5" />
        <EntityTypeShape EntityType="Model.BalanceDb" Width="1.5" PointX="7.75" PointY="3.25" />
      </Diagram>
    </edmx:Diagrams>
  </edmx:Designer>
</edmx:Edmx>